turn,participant,text
"1","Emma","Hey Mark, shall we quickly plan the Q2 marketing campaign timeline?"
"2","Mark","Sure! I think we should start with the social media rollout in early April."
"3","Emma","Agreed. We need to align on the budget first—do we have $15k or $20k approved?"
"4","Mark","$18k is the current figure. Let’s aim for $15k to leave some buffer."
"5","Emma","Good call. Then content creation in mid-April, ads launch by May 1st?"
"6","Mark","Yes. I’ll handle the ad copy, you take care of the visuals and landing page."
"7","Emma","Perfect. Should we include influencer outreach this time?"
"8","Mark","Definitely—let’s target micro-influencers in the tech niche."
"9","Emma","Okay, I’ll make a shortlist of 10–15 by next week."
"10","Mark","Great. Any thoughts on video content vs static posts?"
"11","Emma","Video performs better lately, but let’s do a mix—60% video, 40% static."
"12","Mark","Sounds solid. We can A/B test both formats in the first two weeks."
"13","Emma","Yes, and track engagement weekly to adjust."
"14","Mark","Do we need to coordinate with the product team for any new features?"
"15","Emma","Not this quarter—focus is purely marketing push."
"16","Mark","Understood. So timeline is: planning now, content April, launch May."
"17","Emma","Exactly. Let’s lock that in."
"18","Mark","By the way, have you seen the new iPhone 17 rumors? Crazy camera specs."
"19","Emma","Wait—what? We were just finalizing the campaign timeline…"
"20","Mark","Sorry, got distracted. I just saw it on my feed."
"21","Emma","Okay, let’s stay on track. Campaign timeline—any last adjustments?"
"22","Mark","Right, sorry again. Timeline looks good as is."
"23","Emma","No problem. Moving on—do we need a kickoff meeting with the whole team?"
"24","Mark","Yes, let’s schedule one for next Monday."
"25","Emma","I’ll send the invite today."
"26","Mark","Perfect. Should we prepare a short deck?"
"27","Emma","Yes, just 5–6 slides: goals, timeline, budget, KPIs."
"28","Mark","I can draft the goals and KPIs section."
"29","Emma","Great, I’ll do timeline and budget."
"30","Mark","Let’s aim to finish the deck by Friday."
"31","Emma","Agreed. Anything else we need before launch?"
"32","Mark","Only the final creative assets from design—due April 20th."
"33","Emma","I’ll ping them today to confirm."
"34","Mark","Cool. I think that covers it."
"35","Emma","One more thing—tracking tools? Google Analytics + social platform insights?"
"36","Mark","Yes, plus UTM parameters on all links."
"37","Emma","Done. We’re set."
"38","Mark","Speaking of links… have you tried the new ramen place downtown? Insane broth."
"39","Emma","Mark… we’re literally finalizing the campaign. What’s with the food talk?"
"40","Mark","Haha, my bad—again. Just hungry. Back to business."
"41","Emma","Okay, focus. Campaign is locked. Anything else?"
"42","Mark","Nope. We’re good. Thanks for keeping us on track."
"43","Emma","No worries. Let’s make this Q2 killer."
"44","Mark","Absolutely. Talk soon!"
"45","Emma","Yes—have a good rest of the day."
"46","Mark","You too!"
"47","Emma","See you Monday for the kickoff."
"48","Mark","Looking forward to it."
"49","Emma","Great. Bye!"
"50","Mark","Bye!"